precision,recall,f1-score,support
1.0,0.5555555555555556,0.7142857142857143,27.0
1.0,0.875,0.9333333333333333,8.0
1.0,0.3076923076923077,0.47058823529411764,26.0
0.225,1.0,0.36734693877551017,9.0
0.5571428571428572,0.5571428571428572,0.5571428571428572,0.5571428571428572
0.80625,0.6845619658119658,0.6213885554221689,70.0
0.9003571428571429,0.5571428571428572,0.6041971074143944,70.0
